{
  "jobs": [
    {
      "fr": "Médecin",
      "en": "Doctor",
      "ar": "طبيب"
    },
    {
      "fr": "Infirmier",
      "en": "Nurse",
      "ar": "ممرض/ممرضة"
    },
    {
      "fr": "Pompier",
      "en": "Firefighter",
      "ar": "رجل إطفاء"
    },
    {
      "fr": "Policier",
      "en": "Police officer",
      "ar": "شرطي"
    },
    {
      "fr": "Professeur",
      "en": "Teacher",
      "ar": "معلم"
    },
    {
      "fr": "Plombier",
      "en": "Plumber",
      "ar": "سباك"
    },
    {
      "fr": "Électricien",
      "en": "Electrician",
      "ar": "فني كهرباء"
    },
    {
      "fr": "Cuisinier",
      "en": "Chef/Cook",
      "ar": "طباخ"
    },
    {
      "fr": "Mécanicien",
      "en": "Mechanic",
      "ar": "ميكانيكي"
    },
    {
      "fr": "Agriculteur",
      "en": "Farmer",
      "ar": "مزارع"
    },
    {
      "fr": "Coiffeur",
      "en": "Hairdresser",
      "ar": "حلاق/ة"
    },
    {
      "fr": "Chauffeur de bus",
      "en": "Bus driver",
      "ar": "سائق حافلة"
    },
    {
      "fr": "Journaliste",
      "en": "Journalist",
      "ar": "صحفي"
    },
    {
      "fr": "Développeur logiciel",
      "en": "Software developer",
      "ar": "مطور برمجيات"
    },
    {
      "fr": "Dentiste",
      "en": "Dentist",
      "ar": "طبيب أسنان"
    },
    {
      "fr": "Pharmacien",
      "en": "Pharmacist",
      "ar": "صيدلي"
    },
    {
      "fr": "Artiste",
      "en": "Artist",
      "ar": "فنان"
    },
    {
      "fr": "Photographe",
      "en": "Photographer",
      "ar": "مصور"
    },
    {
      "fr": "Garde d’enfants",
      "en": "Childcare worker",
      "ar": "مقدّم رعاية الأطفال"
    },
    {
      "fr": "Boulanger",
      "en": "Baker",
      "ar": "خبّاز"
    }
  ]
}