{
  "title": {
    "fr": "Devine Mon Métier",
    "en": "Guess My Job",
    "ar": "خمن مهنتي"
  },
  "questions": [
    {
      "fr": "Est-ce que tu portes un uniforme ?",
      "en": "Do you wear a uniform?",
      "ar": "هل ترتدي زيّاً موحّداً؟"
    },
    {
      "fr": "Est-ce que tu travailles avec le public ?",
      "en": "Do you work with the public?",
      "ar": "هل تعمل مع الناس مباشرةً؟"
    },
    {
      "fr": "Est-ce que tu travailles en intérieur ?",
      "en": "Do you work indoors?",
      "ar": "هل تعمل في مكان مغلق؟"
    },
    {
      "fr": "Es-tu travailleur indépendant ?",
      "en": "Are you self-employed?",
      "ar": "هل أنت عامل مستقل؟"
    },
    {
      "fr": "Ton travail requiert-il des études universitaires ?",
      "en": "Does your job require university studies?",
      "ar": "هل يتطلب عملك دراسات جامعية؟"
    },
    {
      "fr": "Manipules-tu des machines lourdes ?",
      "en": "Do you operate heavy machinery?",
      "ar": "هل تتعامل مع آلات ثقيلة؟"
    },
    {
      "fr": "Travailles-tu souvent de nuit ?",
      "en": "Do you often work at night?",
      "ar": "هل تعمل غالباً في الليل؟"
    },
    {
      "fr": "Ton travail implique-t-il des soins aux personnes ?",
      "en": "Does your job involve caring for people?",
      "ar": "هل يتضمن عملك رعاية الأشخاص؟"
    },
    {
      "fr": "Utilises-tu un ordinateur pour la majorité du travail ?",
      "en": "Do you use a computer for most of your work?",
      "ar": "هل تستخدم الحاسوب في معظم عملك؟"
    },
    {
      "fr": "Ton travail est-il créatif (art, design...) ?",
      "en": "Is your work creative (art, design...)?",
      "ar": "هل عملك إبداعي (فن، تصميم...)؟"
    },
    {
      "fr": "Ton travail demande-t-il de conduire souvent ?",
      "en": "Does your job require driving often?",
      "ar": "هل يتطلب عملك القيادة كثيراً؟"
    },
    {
      "fr": "Travaillez-vous en extérieur la plupart du temps ?",
      "en": "Do you work outdoors most of the time?",
      "ar": "هل تعمل في الهواء الطلق معظم الوقت؟"
    },
    {
      "fr": "Ton travail nécessite-t-il un permis professionnel spécifique ?",
      "en": "Does your work need a specific professional license?",
      "ar": "هل يتطلب عملك رخصة مهنية محددة؟"
    },
    {
      "fr": "Travaillez-vous avec des animaux ?",
      "en": "Do you work with animals?",
      "ar": "هل تعمل مع الحيوانات؟"
    },
    {
      "fr": "Ton travail implique-t-il de parler en public fréquemment ?",
      "en": "Does your job involve public speaking frequently?",
      "ar": "هل يتضمن عملك التحدث أمام الجمهور كثيراً؟"
    },
    {
      "fr": "Est-ce que tu travailles dans le secteur de la santé ?",
      "en": "Do you work in the healthcare sector?",
      "ar": "هل تعمل في قطاع الصحة؟"
    },
    {
      "fr": "Ton travail implique-t-il de transporter des personnes ou des marchandises ?",
      "en": "Does your job involve transporting people or goods?",
      "ar": "هل يتضمن عملك نقل الأشخاص أو البضائع؟"
    },
    {
      "fr": "Ton travail demande-t-il la réparation d'appareils ?",
      "en": "Does your job require repairing devices?",
      "ar": "هل يتطلب عملك إصلاح الأجهزة؟"
    },
    {
      "fr": "Ton travail est-il principalement administratif ?",
      "en": "Is your work mainly administrative?",
      "ar": "هل عملك إداري بالأساس؟"
    },
    {
      "fr": "Ton travail implique-t-il le port d'équipement de sécurité (casque, gants...) ?",
      "en": "Does your job involve wearing safety equipment (helmet, gloves...)?",
      "ar": "هل يتضمن عملك ارتداء معدات حماية (خوذة، قفازات...)؟"
    }
  ]
}